Question,Choices,Answer,Domain,Category
"In Saudi culture, which hand is traditionally used when eating?",–,Right hand,Common,Food
"In traditional Saudi culture, how is rice typically eaten?",–,By hand,Common,Food
"In traditional Saudi culture, how do people shape the rice before eating it?",–,Into a ball shape,Common,Food
What are the common dining customs in Saudi Arabia?,–,Cutting meat by hand and serving it to the guest; pouring ghee on the guest’s hand,Common,Food
What is the name of the drink that helps relieve stomach cramps?,–,"Fennel, anise, or cumin",Common,Food
What is the name of the drink that helps relieve menstrual pain in women in Saudi Arabia?,–,Cinnamon and Qishr,Common,Food
What are the main traditional dishes served during Ramadan in Saudi Arabia?,–,"Sambusa, dates, and soup",Common,Food
What is a common gesture of hospitality offered to guests in Saudi homes?,–,Serving Qahwa (coffee) and dates,Common,Food
What are the spices traditionally added before serving Saudi coffee?,–,Cardamom and saffron,Common,Food
What distinguishes the attire of Saudi women in public?,–,Modesty,Common,Clothes
Do students in Saudi Arabia adhere to a uniform dress code?,–,Yes,Common,Clothes
What is the traditional clothing for an Imam in Saudi Arabia?,–,Bisht,Common,Clothes
What is the traditional color of Saudi women's abayas?,–,Black,Common,Clothes
Is it acceptable to wear an agal during a condolence gathering?,–,No,Common,Clothes
What is the traditional clothing for Saudi women in the street?,–,Abaya,Common,Clothes
What does the gesture of raising the agal in front of an audience mean?,–,"Pride, agreement, or excitement",Common,languages and communication
"When two people meet in their cars and honk their horns, what does this gesture signify?",–,Greeting,Common,languages and communication
What Arabic phrase is often used to express gratitude?,–,Alhamdulillah,Common,languages and communication
What is the second language taught in Saudi schools?,–,English,Common,languages and communication
What is the formal greeting in Saudi Arabia?,–,As-Salamu Alaikum,Common,languages and communication
What does the gesture of throwing the shemagh at another person signify?,–,"Asking a favor, inviting to dinner, or showing pride",Common,languages and communication
What does the gesture of shaking a coffee cup mean?,–,The guest has had enough coffee,Common,languages and communication
What are the famous welcoming phrases in Saudi Arabia?,–,"Marhaban, Ahlan wa Sahlan",Common,languages and communication
What does the gesture of snapping fingers while touching the thumb and index finger together signify?,–,Urgency or to draw attention,Common,languages and communication
What Arabic phrase is used to express hope or intention for the future?,–,Insha’Allah,Common,languages and communication
What word is commonly used in Saudi Arabia when responding to a request as confirmation?,–,Abshir,Common,languages and communication
On which day do most teachers in Saudi Arabia typically gather outside of work?,–,Tuesday,Common,celebration
What is the most popular communication method used by Saudis?,–,WhatsApp and Snapchat,Common,languages and communication
What is the name of the traditional board game in Saudi Arabia?,–,Keram,Common,entertainment
What is a traditional musical instrument in Saudi Arabia?,–,Rababa,Common,entertainment
What is the traditional activity Saudis enjoy in winter?,–,Al-Kashta (desert picnic),Common,entertainment
What is the name of the place where friends and families gather on occasions?,–,Al-Majlis,Common,celebration
What are the common traditions in Saudi Arabia on Fridays?,–,"Eating fish, family gathering, attending Jumu’ah prayer",Common,celebration
What is the most commonly used type of fragrance in Saudi Arabia?,–,Oud,Common,celebration
What is the tradition when the groom sees the bride for the first time?,–,Al-Shoufah,Common,Dating
What items is the bride not required to buy from the money given by the groom?,–,Jewelry (gold),Common,Dating
What is the traditional name for the bride’s night before the wedding?,–,Laylat Al-Henna,Common,Dating
What is the concept of “association” among coworkers in Saudi Arabia?,–,Group savings among coworkers,Common,Crafts and work
Where do children traditionally kiss their grandparents in Saudi culture?,–,On the head,Common,celebration
Is it acceptable to stay in the host’s house after the host burns oud?,–,No,Common,celebration
What are the appropriate days to visit parents in Saudi culture?,–,Any day,Common,celebration
What are the appropriate days to visit family and friends in Saudi Arabia?,–,Weekends,Common,celebration
What are the main cities Saudis travel to in the summer?,–,"Riyadh, Jeddah, Makkah, Madinah, Abha, Khobar",Common,celebration
What is the most popular traditional medicine in Saudi Arabia?,–,Cauterization,Common,Crafts and work
What illness is commonly treated using cauterization?,–,Stroke,Common,Crafts and work
What is a natural remedy that helps soothe throat inflammation in Saudi Arabia?,–,"Honey, orange, or lemon",Common,Food
What is referred to as the “mute doctor” in Saudi Arabia?,–,Black pepper,Common,Food
Is education in Saudi Arabia mixed between genders?,–,No,Common,celebration
Do Saudi university students receive a stipend?,–,"Yes, around 900–1000 SAR",Common,celebration
What is the hidden reason behind arguments between friends or family at the cashier in Saudi Arabia?,–,Because everyone wants to pay as an act of generosity,Common,celebration
Which traditional Saudi Arabian game involves the use of a hat and is commonly played in social gatherings?,A. Al-Sadu B. Tag Tag Taqia C. Fersha D. Al-Kattab,B. Tag Tag Taqia,Common,entertainment
What is the name of the traditional Saudi game that mimics football?,A. Al-Sadu B. Fersha C. Al-Farfeera D. Tag Tagia,C. Al-Farfeera,Common,entertainment
What is the name of the traditional Saudi activity involving hunting trips with trained birds such as falcons?,A. Al-Mahamel B. Al-Miqnas C. Al-Mirfaq D. Al-Marsad,B. Al-Miqnas,Common,entertainment
"What is one of the names of the traditional Saudi game ""Al-Barbar""?",A. Umm Al-Khutoot B. Al-Dananeh C. Al-Ziqtah D. Al-Ghammah,A. Umm Al-Khutoot,Common,entertainment
"What shape do players sit in during the game ""Tag Tag Tagia""?",A. Circle B. Square C. Rectangle D. Straight line,A. Circle,Common,entertainment
"What activity is referred to as ""Al-Kashta"" in Saudi culture?",A. Desert trips B. Sea trips C. Mountain trips D. Urban excursions,A. Desert trips,Common,entertainment
"What shape does the ""Taraha"" take in Saudi traditional play?",A. Square B. Rectangle C. Circle D. Triangle,B. Rectangle,Common,entertainment
"What is the name of the traditional game played by girls aged 5–9, similar to jumping rope?",A. Qumrah Shabrah B. Al-Habl C. Al-Mal’aab D. Al-Dawrah,A. Qumrah Shabrah,Common,entertainment
What is the traditional Saudi game that begins with a draw to decide who will jump over others?,A. Sabt Al-Suboot B. Azeem Sari C. Tug of War D. Tag Tag Tagia,A. Sabt Al-Suboot,Common,entertainment
"How is the game ""Jakom Al-Theeb"" played in Saudi Arabia?",A. Players hide while one searches for them B. Players chant in a circle C. Players jump over obstacles D. Players catch a thrown object,A. Players hide while one searches for them,Common,entertainment
"What determines the color of the ""Mishlah"" (traditional cloak) at official Saudi events?",A. The nature of the event B. The presence of the King or Crown Prince C. The location of the event D. The number of attendees,B. The presence of the King or Crown Prince,Common,celebration
What is traditionally applied to the hands before weddings in some Saudi regions?,A. Henna B. Oud incense C. Scented oils D. Fragrant powders,A. Henna,Common,celebration
What is the name of the small door within a large door used for entry without opening the entire door?,A. Bab Abu Khokha B. Bab Al-Masraf C. Bab Al-Qibla D. Bab Al-Safha,A. Bab Abu Khokha,Common,Architecture
What is the name of the traditional Saudi window or wooden covering that extends outward?,A. Roshan B. Mashrabiya C. Qamariya D. Shubbak,A. Roshan,Common,Architecture
What is the name of the traditional Saudi door made from a single panel of wooden planks?,A. Bab Bosaer B. Bab Al-Masraf C. Bab Al-Qibla D. Bab Al-Shurfa,A. Bab Bosaer,Common,Architecture
"In which month does the traditional role of the ""Musaharati"" typically take place in Islamic culture?",A. Muharram B. Ramadan C. Shawwal D. Dhul-Hijjah,B. Ramadan,Common,celebration
When is the Eid Al-Fitr prayer performed in the Islamic Hijri calendar?,A. The first day of Shawwal B. The last day of Ramadan C. The tenth of Dhul-Hijjah D. The fifteenth of Sha’ban,A. The first day of Shawwal,Common,celebration
"What does the phrase ""Sammu"" mean in Saudi culture?","A. Say ""Bismillah"" (In the name of Allah) B. Welcome the guests C. Start the meal D. Enjoy your drink","A. Say ""Bismillah"" (In the name of Allah)",Common,languages and communication
What is the night of marriage called in Saudi Arabia?,A. Wedding night B. Laylat Al-Dukhla C. Laylat Al-Zafaf D. Celebration night,B. Laylat Al-Dukhla,Common,Dating
"What distinguishes ""Al-Mas’houb"" in Saudi folk poetry?",A. It is a poetic meter in Nabati poetry performed with a dragging tone B. It is always performed with traditional dance C. It requires the accompaniment of the Rababa instrument D. It is exclusively sung in desert regions,A & C,Common,entertainment
What is the primary characteristic of the poetic dialogue (Al-Muhawara) in Saudi Arabia?,A. It is a mental competition requiring quick poetic creativity B. It is limited to highly skilled poets due to its complexity C. It involves musical instruments D. The performers repeat the final poetic response,"A, B & D",Common,entertainment
How many points must one team score to win in the game of Baloot?,A. 152 points B. 200 points C. 100 points D. 120 points,A. 152 points,Common,entertainment
"What preparations are made for birds in ""Al-Miqnas"" (hunting trips)?",A. Sharpening the bird's beak B. Trimming the bird's claws C. Cleaning the bird's feathers D. Training for long-distance flights,A & B,Common,entertainment
"When is the game ""Al-Dananeh"" typically played?",A. In the morning B. At night C. In the afternoon D. At sunset,B. At night,Common,entertainment
What is the name of the traditional Saudi game that relies on intuition and quick wit?,A. Gleimait B. Keram C. Al-Sibba D. Dominoes,A. Gleimait,Common,entertainment
"How many small stones and slots are used in the game ""Al-Huwaila""?",A. 28 stones and 13 slots B. 30 rocks and 15 slots C. 28 rocks and 15 slots D. 30 rocks and 13 slots,A. 28 stones and 13 slots,Common,entertainment
"What is the ""Raya Al-Ardah Al-Saudia"" (Saudi Ardah Flag)?",A. A small flag carried by hand B. A large flag placed in the middle of performers during the Saudi Ardah C. A symbol hung on the wall D. A piece of cloth used as decoration,B. A large flag placed in the middle of performers,Common,entertainment
"The palm tree is a significant symbol in Saudi culture, representing various values. Which of the following are true?",A. Blessing B. Generosity and giving C. Stability and pride D. None of the above,"A, B & C",Common,Crafts and work
Which of the following names are derived from the aesthetic significance of a long and well-shaped nose in Saudi cultural heritage?,A. Khushm Al-Bab (Door Nose) B. Khushm Al-Saif (Sword Nose) C. Khushm Al-Jabal (Mountain Nose) D. Khushm Al-Bahr (Sea Nose),A & B,Common,languages and communication
What are the names of parts of stone houses in Saudi Arabia?,A. Al-Ulou and Al-Misraa B. Al-Saih and Al-Qawa’i C. Al-Jahwa and Al-Musha D. None of the above,"A, B & C",Common,Architecture
"What are the traditional building methods used in constructing heritage houses, walls, and towers in Saudi Arabia?",A. Mudbrick construction (Al-Labin) B. Layered masonry (Al-Madameek) C. Wooden beam construction D. Clay-only construction,A & B,Common,Architecture
"Where is the traditional ""Bab Bosaer"" door commonly used in Saudi Arabia?",A. Internal doors for livestock enclosures B. Large courtyards C. Modern homes D. Heritage palaces,A & B,Common,Architecture
Which of the following are traditional Saudi palm frond crafts?,A. Water bottles B. Zanabeel (baskets) C. Storage boxes D. Makans (brooms),B & D,Common,Crafts and work
What are the main uses of gypsum in traditional Saudi construction?,A. Building and decoration B. Coating mud walls C. Covering ceilings D. All of the above,D. All of the above,Common,Crafts and work